-- MySQL Script generated by MySQL Workbench
-- Wed May 21 21:45:35 2025
-- Model: New Model    Version: 1.0
-- MySQL Workbench Forward Engineering

SET @OLD_UNIQUE_CHECKS=@@UNIQUE_CHECKS, UNIQUE_CHECKS=0;
SET @OLD_FOREIGN_KEY_CHECKS=@@FOREIGN_KEY_CHECKS, FOREIGN_KEY_CHECKS=0;
SET @OLD_SQL_MODE=@@SQL_MODE, SQL_MODE='ONLY_FULL_GROUP_BY,STRICT_TRANS_TABLES,NO_ZERO_IN_DATE,NO_ZERO_DATE,ERROR_FOR_DIVISION_BY_ZERO,NO_ENGINE_SUBSTITUTION';

-- -----------------------------------------------------
-- Schema mydb
-- -----------------------------------------------------
-- -----------------------------------------------------
-- Schema HBC
-- -----------------------------------------------------

-- -----------------------------------------------------
-- Schema HBC
-- -----------------------------------------------------
CREATE SCHEMA IF NOT EXISTS `HBC` ;
USE `HBC` ;

-- -----------------------------------------------------
-- Table `HBC`.`rol_usuario`
-- -----------------------------------------------------
CREATE TABLE IF NOT EXISTS `HBC`.`rol_usuario` (
  `id_rol` INT NOT NULL AUTO_INCREMENT,
  `nombre_rol` VARCHAR(45) NULL,
  PRIMARY KEY (`id_rol`),
  UNIQUE INDEX `id_rol_UNIQUE` (`id_rol` ASC) VISIBLE)
ENGINE = InnoDB;


-- -----------------------------------------------------
-- Table `HBC`.`Usuario`
-- -----------------------------------------------------
CREATE TABLE IF NOT EXISTS `HBC`.`Usuario` (
  `ID_usuario` INT NOT NULL AUTO_INCREMENT,
  `nombre_usuario` VARCHAR(45) NULL,
  `contraseña` VARCHAR(45) NULL,
  `id_rol` INT NULL,
  UNIQUE INDEX `ID_usuario_UNIQUE` (`ID_usuario` ASC) VISIBLE,
  PRIMARY KEY (`ID_usuario`),
  INDEX `rol_usuario_idx` (`id_rol` ASC) VISIBLE,
  CONSTRAINT `rol_usuario`
    FOREIGN KEY (`id_rol`)
    REFERENCES `HBC`.`rol_usuario` (`id_rol`)
    ON DELETE CASCADE
    ON UPDATE CASCADE)
ENGINE = InnoDB;


-- -----------------------------------------------------
-- Table `HBC`.`Curso`
-- -----------------------------------------------------
CREATE TABLE IF NOT EXISTS `HBC`.`Curso` (
  `ID_curso` INT NOT NULL AUTO_INCREMENT,
  `nombre_curso` VARCHAR(45) NULL,
  `descripcion` VARCHAR(45) NULL,
  PRIMARY KEY (`ID_curso`),
  UNIQUE INDEX `ID_curso_UNIQUE` (`ID_curso` ASC) VISIBLE)
ENGINE = InnoDB;


-- -----------------------------------------------------
-- Table `HBC`.`Asignatura`
-- -----------------------------------------------------
CREATE TABLE IF NOT EXISTS `HBC`.`Asignatura` (
  `ID_asignatura` INT NOT NULL AUTO_INCREMENT,
  `nombre_asignatura` VARCHAR(45) NULL,
  `ID_curso` INT NULL,
  PRIMARY KEY (`ID_asignatura`),
  UNIQUE INDEX `ID_asignatura_UNIQUE` (`ID_asignatura` ASC) VISIBLE,
  INDEX `asignatura_curso_idx` (`ID_curso` ASC) VISIBLE,
  CONSTRAINT `asignatura_curso`
    FOREIGN KEY (`ID_curso`)
    REFERENCES `HBC`.`Curso` (`ID_curso`)
    ON DELETE CASCADE
    ON UPDATE CASCADE)
ENGINE = InnoDB;


-- -----------------------------------------------------
-- Table `HBC`.`Nota`
-- -----------------------------------------------------
CREATE TABLE IF NOT EXISTS `HBC`.`Nota` (
  `ID_nota` INT NOT NULL AUTO_INCREMENT,
  `valor_nota` INT NULL,
  `comentarios` VARCHAR(45) NULL,
  `ID_asignatura` INT NULL,
  `ID_usuario` INT NULL,
  PRIMARY KEY (`ID_nota`),
  UNIQUE INDEX `ID_nota_UNIQUE` (`ID_nota` ASC) VISIBLE,
  INDEX `nota_asignatura_idx` (`ID_asignatura` ASC) VISIBLE,
  INDEX `nota_usuario_idx` (`ID_usuario` ASC) VISIBLE,
  CONSTRAINT `nota_asignatura`
    FOREIGN KEY (`ID_asignatura`)
    REFERENCES `HBC`.`Asignatura` (`ID_asignatura`)
    ON DELETE CASCADE
    ON UPDATE CASCADE,
  CONSTRAINT `nota_usuario`
    FOREIGN KEY (`ID_usuario`)
    REFERENCES `HBC`.`Usuario` (`ID_usuario`)
    ON DELETE CASCADE
    ON UPDATE CASCADE)
ENGINE = InnoDB;


-- -----------------------------------------------------
-- Table `HBC`.`perfil`
-- -----------------------------------------------------
CREATE TABLE IF NOT EXISTS `HBC`.`perfil` (
  `id_perfil` INT NOT NULL AUTO_INCREMENT,
  `Nombre` VARCHAR(45) NULL,
  `Apellido` VARCHAR(45) NULL,
  `email` VARCHAR(45) NULL,
  `telefono` VARCHAR(15) NULL,
  `Usuario_ID_usuario` INT NOT NULL,
  PRIMARY KEY (`id_perfil`),
  UNIQUE INDEX `id_docente_UNIQUE` (`id_perfil` ASC) VISIBLE,
  UNIQUE INDEX `telefono_UNIQUE` (`telefono` ASC) VISIBLE,
  INDEX `fk_perfil_Usuario1_idx` (`Usuario_ID_usuario` ASC) VISIBLE,
  CONSTRAINT `fk_perfil_Usuario1`
    FOREIGN KEY (`Usuario_ID_usuario`)
    REFERENCES `HBC`.`Usuario` (`ID_usuario`)
    ON DELETE CASCADE
    ON UPDATE CASCADE)
ENGINE = InnoDB;

SELECT * FROM rol_usuario;
INSERT INTO `hbc`.`rol_usuario` (`id_rol`, `nombre_rol`) VALUES ('1', 'Admin');
INSERT INTO `hbc`.`rol_usuario` (`id_rol`, `nombre_rol`) VALUES ('2', 'Estudiante');
INSERT INTO `hbc`.`rol_usuario` (`id_rol`, `nombre_rol`) VALUES ('3', 'docente');

SELECT * FROM Usuario;
INSERT INTO `hbc`.`Usuario` (`ID_usuario`, `nombre_usuario`, `contraseña`, `id_rol`) VALUES ('1', 'Rgonzalez', '1234', '1');
INSERT INTO `hbc`.`Usuario` (`ID_usuario`, `nombre_usuario`, `contraseña`, `id_rol`) VALUES ('2', '22019107', '5678', '2');
INSERT INTO `hbc`.`Usuario` (`ID_usuario`, `nombre_usuario`, `contraseña`, `id_rol`) VALUES ('3', 'Aurbina', '7777', '3');
UPDATE Usuario
SET id_rol = 3
WHERE ID_usuario = 1;

SELECT * FROM perfil;
INSERT INTO `hbc`.`perfil` (`id_perfil`, `Nombre`, `Apellido`, `email`, `telefono`, `Usuario_ID_usuario`) VALUES ('1', 'Raquel', 'Gonzalez', 'Rgonzalez@gmail.com', '55559999', '1');
INSERT INTO `hbc`.`perfil` (`id_perfil`, `Nombre`, `Apellido`, `email`, `telefono`, `Usuario_ID_usuario`) VALUES ('2', 'Juan', 'Lopez', 'Jlopez@gmail.com', '33338888', '2');
INSERT INTO `hbc`.`perfil` (`id_perfil`, `Nombre`, `Apellido`, `email`, `telefono`, `Usuario_ID_usuario`) VALUES ('3', 'Adolfo', 'Onichan', 'Aurbina@gmail.com', '88889999', '3');

SELECT * FROM Curso;
INSERT INTO `hbc`.`Curso` (`ID_curso`, `nombre_curso`, `descripcion`) VALUES ('1', 'Grupo-1k', 'clase de 2do año');
INSERT INTO `hbc`.`Curso` (`ID_curso`, `nombre_curso`, `descripcion`) VALUES ('2', 'Grupo-2k', 'clase de 3er año');

SELECT * FROM Asignatura;
INSERT INTO `hbc`.`Asignatura` (`ID_asignatura`, `nombre_asignatura`, `ID_curso`) VALUES ('1', 'Matematicas', '1');
INSERT INTO `hbc`.`Asignatura` (`ID_asignatura`, `nombre_asignatura`, `ID_curso`) VALUES ('2', 'Lengua y Literatura', '1');
INSERT INTO `hbc`.`Asignatura` (`ID_asignatura`, `nombre_asignatura`, `ID_curso`) VALUES ('3', 'Matematicas', '2');

SELECT * FROM Nota;
INSERT INTO `hbc`.`Nota` (`ID_nota`, `valor_nota`, `comentarios`, `ID_asignatura`, `ID_usuario`) VALUES ('1', '89', 'muy bien', '1', '2');
INSERT INTO `hbc`.`Nota` (`ID_nota`, `valor_nota`, `comentarios`, `ID_asignatura`, `ID_usuario`) VALUES ('2', '56', 'puede mejorar', '2', '2');
UPDATE Nota
SET comentarios = 'Que es esa mierda'
WHERE ID_Nota = 2;
SET SQL_SAFE_UPDATES = 0;
SET SQL_MODE=@OLD_SQL_MODE;
SET FOREIGN_KEY_CHECKS=@OLD_FOREIGN_KEY_CHECKS;
SET UNIQUE_CHECKS=@OLD_UNIQUE_CHECKS;-- Colocar aquí el SQL original que compartiste (bsgrupo4.sql) --